sample_id,old_item_id,is_bullet_kind,sample_weight,v1_tier,v1_predicted_item_id,v2_tier,v2_predicted_item_id,v2_fix_overrode,b2_predicted_item_id
S001,hypothermia/notes/o,True,1.0,T1_id_exact,hypothermia/notes/o,T1_id_exact,hypothermia/notes/o,False,hypothermia/notes/o
S002,hypothermia/notes/o#2,True,1.0,T1_id_exact,hypothermia/notes/o#2,T1_id_exact,hypothermia/notes/o#2,False,hypothermia/notes/o#2
S003,hypothermia/notes/o#3,True,1.0,T1_id_exact,hypothermia/notes/o#3,T1_id_exact,hypothermia/notes/o#3,False,hypothermia/notes/o#3
S004,hypothermia/notes/o#4,True,1.0,T1_id_exact,hypothermia/notes/o#4,T1_id_exact,hypothermia/notes/o#4,False,hypothermia/notes/o#4
S005,hypothermia/notes/o#5,True,1.0,T1_id_exact,hypothermia/notes/o#5,T1_id_exact,hypothermia/notes/o#5,False,hypothermia/notes/o#5
S006,adult trauma arrest blunt/treatment pathway/o,True,1.0,T1_id_exact,adult trauma arrest blunt/treatment pathway/o,T1_id_exact,adult trauma arrest blunt/treatment pathway/o,False,adult trauma arrest blunt/treatment pathway/o
S007,adult trauma arrest blunt/treatment pathway/o#2,True,1.0,T1_id_exact,adult trauma arrest blunt/treatment pathway/o#2,T1_id_exact,adult trauma arrest blunt/treatment pathway/o#2,False,adult trauma arrest blunt/treatment pathway/o#2
S008,adult trauma arrest blunt/treatment pathway/o#3,True,1.0,T1_id_exact,adult trauma arrest blunt/treatment pathway/o#3,T1_id_exact,adult trauma arrest blunt/treatment pathway/o#3,False,adult trauma arrest blunt/treatment pathway/o#3
S009,adult trauma arrest penetrating/treatment pathway/o,True,1.0,T1_id_exact,adult trauma arrest penetrating/treatment pathway/o,T1_id_exact,adult trauma arrest penetrating/treatment pathway/o,False,adult trauma arrest penetrating/treatment pathway/o
S010,adult trauma arrest penetrating/treatment pathway/o#2,True,1.0,T1_id_exact,adult trauma arrest penetrating/treatment pathway/o#2,T1_id_exact,adult trauma arrest penetrating/treatment pathway/o#2,False,adult trauma arrest penetrating/treatment pathway/o#2
S011,adult trauma arrest penetrating/treatment pathway/o#3,True,1.0,T1_id_exact,adult trauma arrest penetrating/treatment pathway/o#3,T1_id_exact,adult trauma arrest penetrating/treatment pathway/o#3,False,adult trauma arrest penetrating/treatment pathway/o#3
S012,adult trauma arrest penetrating/treatment pathway/o#4,True,1.0,T1_id_exact,adult trauma arrest penetrating/treatment pathway/o#4,T1_id_exact,adult trauma arrest penetrating/treatment pathway/o#4,False,adult trauma arrest penetrating/treatment pathway/o#4
S013,adult trauma arrest penetrating/treatment pathway/o#5,True,1.0,T1_id_exact,adult trauma arrest penetrating/treatment pathway/o#5,T1_id_exact,adult trauma arrest penetrating/treatment pathway/o#5,False,adult trauma arrest penetrating/treatment pathway/o#5
S014,pre-eclampsia and eclampsia/miscellaneous/1.o,True,1.0,T1_id_exact,pre-eclampsia and eclampsia/miscellaneous/1.o,T1_id_exact,pre-eclampsia and eclampsia/miscellaneous/1.o,False,pre-eclampsia and eclampsia/miscellaneous/1.o
S015,pre-eclampsia and eclampsia/miscellaneous/1.o#2,True,1.0,T1_id_exact,pre-eclampsia and eclampsia/miscellaneous/1.o#2,T1_id_exact,pre-eclampsia and eclampsia/miscellaneous/1.o#2,False,pre-eclampsia and eclampsia/miscellaneous/1.o#2
S016,pre-eclampsia and eclampsia/miscellaneous/1.o#3,True,1.0,T1_id_exact,pre-eclampsia and eclampsia/miscellaneous/1.o#3,T1_id_exact,pre-eclampsia and eclampsia/miscellaneous/1.o#3,False,pre-eclampsia and eclampsia/miscellaneous/1.o#3
S017,pre-eclampsia and eclampsia/miscellaneous/1.o#4,True,1.0,T1_id_exact,pre-eclampsia and eclampsia/miscellaneous/1.o#4,T1_id_exact,pre-eclampsia and eclampsia/miscellaneous/1.o#4,False,pre-eclampsia and eclampsia/miscellaneous/1.o#4
S018,pre-eclampsia and eclampsia/treatment and interventions/11.o,True,1.0,T1_id_exact,pre-eclampsia and eclampsia/treatment and interventions/11.o,T1_id_exact,pre-eclampsia and eclampsia/treatment and interventions/11.o,False,pre-eclampsia and eclampsia/treatment and interventions/11.o
S019,pre-eclampsia and eclampsia/treatment and interventions/11.o#2,True,1.0,T1_id_exact,pre-eclampsia and eclampsia/treatment and interventions/11.o#2,T1_id_exact,pre-eclampsia and eclampsia/treatment and interventions/11.o#2,False,pre-eclampsia and eclampsia/treatment and interventions/11.o#2
S020,pre-eclampsia and eclampsia/treatment and interventions/11.o#3,True,1.0,T2_id_text_changed,pre-eclampsia and eclampsia/treatment and interventions/11.o#3,T2_id_text_changed,pre-eclampsia and eclampsia/treatment and interventions/11.o#3,False,pre-eclampsia and eclampsia/treatment and interventions/11.o#3
S021,delirium with hyperagitation/contraindications/o,True,1.0,T1_id_exact,delirium with hyperagitation/contraindications/o,T1_id_exact,delirium with hyperagitation/contraindications/o,False,delirium with hyperagitation/contraindications/o
S022,delirium with hyperagitation/contraindications/o#2,True,1.0,T1_id_exact,delirium with hyperagitation/contraindications/o#2,T1_id_exact,delirium with hyperagitation/contraindications/o#2,False,delirium with hyperagitation/contraindications/o#2
S023,delirium with hyperagitation/contraindications/o#3,True,1.0,T1_id_exact,delirium with hyperagitation/contraindications/o#3,T1_id_exact,delirium with hyperagitation/contraindications/o#3,False,delirium with hyperagitation/contraindications/o#3
S024,delirium with hyperagitation/contraindications/o#4,True,1.0,T1_id_exact,delirium with hyperagitation/contraindications/o#4,T1_id_exact,delirium with hyperagitation/contraindications/o#4,False,delirium with hyperagitation/contraindications/o#4
S025,delirium with hyperagitation/indications/o,True,1.0,T1_id_exact,delirium with hyperagitation/indications/o,T1_id_exact,delirium with hyperagitation/indications/o,False,delirium with hyperagitation/indications/o
S026,delirium with hyperagitation/indications/o#2,True,1.0,T1_id_exact,delirium with hyperagitation/indications/o#2,T1_id_exact,delirium with hyperagitation/indications/o#2,False,delirium with hyperagitation/indications/o#2
S027,delirium with hyperagitation/indications/o#3,True,1.0,T1_id_exact,delirium with hyperagitation/indications/o#3,T1_id_exact,delirium with hyperagitation/indications/o#3,False,delirium with hyperagitation/indications/o#3
S028,delirium with hyperagitation/notes/o,True,1.0,T1_id_exact,delirium with hyperagitation/notes/o,T1_id_exact,delirium with hyperagitation/notes/o,False,delirium with hyperagitation/notes/o
S029,delirium with hyperagitation/notes/o#2,True,1.0,T1_id_exact,delirium with hyperagitation/notes/o#2,T1_id_exact,delirium with hyperagitation/notes/o#2,False,delirium with hyperagitation/notes/o#2
S030,delirium with hyperagitation/notes/o#3,True,1.0,T1_id_exact,delirium with hyperagitation/notes/o#3,T1_id_exact,delirium with hyperagitation/notes/o#3,False,delirium with hyperagitation/notes/o#3
S031,delirium with hyperagitation/notes/o#4,True,1.0,T2_id_text_changed,delirium with hyperagitation/notes/o#4,T2_id_text_changed,delirium with hyperagitation/notes/o#4,False,delirium with hyperagitation/notes/o#4
S032,post-intubation sedation/paramedic/-,True,1.0,T1_id_exact,post-intubation sedation/paramedic/-,T1_id_exact,post-intubation sedation/paramedic/-,False,post-intubation sedation/paramedic/-
S033,trauma - penetrating/aemt stop here/9,False,53.0667,T1_id_exact,trauma - penetrating/aemt stop here/9,T1_id_exact,trauma - penetrating/aemt stop here/9,False,trauma - penetrating/aemt stop here/9
S034,post resuscitation/emt stop here/13,False,53.0667,T1_id_exact,post resuscitation/emt stop here/13,T1_id_exact,post resuscitation/emt stop here/13,False,post resuscitation/emt stop here/13
S035,delirium with hyperagitation/procedure/7#5,False,53.0667,T1_id_exact,delirium with hyperagitation/procedure/7#5,T1_id_exact,delirium with hyperagitation/procedure/7#5,False,delirium with hyperagitation/procedure/7#5
S036,neonatal resuscitation/treatment pathway/6,False,53.0667,T1_id_exact,neonatal resuscitation/treatment pathway/6,T1_id_exact,neonatal resuscitation/treatment pathway/6,False,traumatic cardiac arrest/treatment pathway/3
S037,non-formulary medications/treatment pathway/6,False,53.0667,T1_id_exact,non-formulary medications/treatment pathway/6,T1_id_exact,non-formulary medications/treatment pathway/6,False,non-formulary medications/treatment pathway/6
S038,medications at schools/treatment pathway/3.c.v,False,53.0667,T1_id_exact,medications at schools/treatment pathway/3.c.v,T1_id_exact,medications at schools/treatment pathway/3.c.v,False,medications at schools/treatment pathway/3.c.v
S039,delirium with hyperagitation/procedure/6#2,False,53.0667,T1_id_exact,delirium with hyperagitation/procedure/6#2,T1_id_exact,delirium with hyperagitation/procedure/6#2,False,delirium with hyperagitation/procedure/6#2
S040,delirium with hyperagitation/paramedic only/3#4,False,53.0667,T1_id_exact,delirium with hyperagitation/paramedic only/3#4,T1_id_exact,delirium with hyperagitation/paramedic only/3#4,False,delirium with hyperagitation/paramedic only/3#4
S041,delirium with hyperagitation/procedure/2#11,False,53.0667,T1_id_exact,delirium with hyperagitation/procedure/2#11,T1_id_exact,delirium with hyperagitation/procedure/2#11,False,delirium with hyperagitation/procedure/2#11
S042,neurogenic shock/treatment pathway/1,False,53.0667,T1_id_exact,neurogenic shock/treatment pathway/1,T1_id_exact,neurogenic shock/treatment pathway/1,False,neurogenic shock/treatment pathway/1
S043,delirium with hyperagitation/procedure/12#3,False,53.0667,T1_id_exact,delirium with hyperagitation/procedure/12#3,T1_id_exact,delirium with hyperagitation/procedure/12#3,False,delirium with hyperagitation/procedure/12#3
S044,delirium with hyperagitation/procedure/2#6,False,53.0667,T1_id_exact,delirium with hyperagitation/procedure/2#6,T1_id_exact,delirium with hyperagitation/procedure/2#6,False,delirium with hyperagitation/procedure/2#6
S045,delirium with hyperagitation/treatment-standing order/2#4,False,53.0667,T1_id_exact,delirium with hyperagitation/treatment-standing order/2#4,T1_id_exact,delirium with hyperagitation/treatment-standing order/2#4,False,delirium with hyperagitation/treatment-standing order/2#4
S046,vascular access/reference/4#12,False,53.0667,T1_id_exact,vascular access/reference/4#12,T1_id_exact,vascular access/reference/4#12,False,vascular access/reference/4#12
S047,vascular access/reference/4#27,False,53.0667,T1_id_exact,vascular access/reference/4#27,T1_id_exact,vascular access/reference/4#27,False,vascular access/reference/4#27
S048,obstetrical / gynecological complaints non-delivery or gynecological only/treatment pathway/7,False,53.0667,T1_id_exact,obstetrical / gynecological complaints non-delivery or gynecological only/treatment pathway/7,T1_id_exact,obstetrical / gynecological complaints non-delivery or gynecological only/treatment pathway/7,False,obstetrical / gynecological complaints non-delivery or gynecological only/treatment pathway/7
S049,delirium with hyperagitation/procedure/1.a.ii,False,53.0667,T1_id_exact,delirium with hyperagitation/procedure/1.a.ii,T1_id_exact,delirium with hyperagitation/procedure/1.a.ii,False,delirium with hyperagitation/procedure/1.a.ii
S050,post-intubation sedation/paramedic only/8,False,53.0667,T1_id_exact,post-intubation sedation/paramedic only/8,T1_id_exact,post-intubation sedation/paramedic only/8,False,post-intubation sedation/paramedic only/8
S051,seizures/treatment pathway/12,False,53.0667,T1_id_exact,seizures/treatment pathway/12,T1_id_exact,seizures/treatment pathway/12,False,seizures/treatment pathway/12
S052,delirium with hyperagitation/treatment-standing order/1#8,False,53.0667,T1_id_exact,delirium with hyperagitation/treatment-standing order/1#8,T1_id_exact,delirium with hyperagitation/treatment-standing order/1#8,False,delirium with hyperagitation/treatment-standing order/1#8
S053,eye trauma/treatment – standing order/4.c,False,53.0667,T1_id_exact,eye trauma/treatment – standing order/4.c,T1_id_exact,eye trauma/treatment – standing order/4.c,False,eye trauma/treatment – standing order/4.c
S054,unconscious / unresponsive / altered mental status/treatment pathway/1,False,53.0667,T1_id_exact,unconscious / unresponsive / altered mental status/treatment pathway/1,T1_id_exact,unconscious / unresponsive / altered mental status/treatment pathway/1,False,unconscious / unresponsive / altered mental status/treatment pathway/1
S055,delirium with hyperagitation/procedure/2#8,False,53.0667,T1_id_exact,delirium with hyperagitation/procedure/2#8,T1_id_exact,delirium with hyperagitation/procedure/2#8,False,delirium with hyperagitation/procedure/2#8
S056,post resuscitation/notes/1#2,False,53.0667,T1_id_exact,post resuscitation/notes/1#2,T1_id_exact,post resuscitation/notes/1#2,False,post resuscitation/notes/1#2
S057,preamble/notes/16,False,53.0667,T1_id_exact,preamble/notes/16,T1_id_exact,preamble/notes/16,False,preamble/notes/16
S058,vascular access/reference/3#8,False,53.0667,T1_id_exact,vascular access/reference/3#8,T1_id_exact,vascular access/reference/3#8,False,vascular access/reference/3#8
S059,avulsed teeth/treatment pathway/2,False,53.0667,T1_id_exact,avulsed teeth/treatment pathway/2,T1_id_exact,avulsed teeth/treatment pathway/2,False,avulsed teeth/treatment pathway/2
S060,neonatal resuscitation/treatment pathway/4.a.iii,False,53.0667,T1_id_exact,neonatal resuscitation/treatment pathway/4.a.iii,T1_id_exact,neonatal resuscitation/treatment pathway/4.a.iii,False,neonatal resuscitation/treatment pathway/4.a.iii
S061,chemical exposure/notes/4.c,False,53.0667,T1_id_exact,chemical exposure/notes/4.c,T1_id_exact,chemical exposure/notes/4.c,False,chemical exposure/notes/4.c
S062,vascular access/reference/3#10,False,53.0667,T1_id_exact,vascular access/reference/3#10,T1_id_exact,vascular access/reference/3#10,False,vascular access/reference/3#10
S063,preamble/notes/3.g,False,14.8333,T2_id_text_changed,preamble/notes/3.g,T2_id_text_changed,preamble/notes/3.g,False,preamble/notes/3.g
S064,ventricular tachycardia with a pulse/treatment pathway/8,False,14.8333,T2_id_text_changed,ventricular tachycardia with a pulse/treatment pathway/8,T2_id_text_changed,ventricular tachycardia with a pulse/treatment pathway/8,False,ventricular tachycardia with a pulse/treatment pathway/9
S065,breech or limb presentation/treatment – standing order/7,False,14.8333,T2_id_text_changed,breech or limb presentation/treatment – standing order/7,T2_id_text_changed,breech or limb presentation/treatment – standing order/7,False,NONE
S066,post resuscitation/notes/8,False,14.8333,T2_id_text_changed,post resuscitation/notes/8,T2_id_text_changed,post resuscitation/notes/8,False,post resuscitation/notes/9
S067,delirium with hyperagitation/contraindications/2#4,False,14.8333,T2_id_text_changed,delirium with hyperagitation/contraindications/2#4,T2_id_text_changed,delirium with hyperagitation/contraindications/2#4,False,delirium with hyperagitation/contraindications/2#5
S068,pre-eclampsia and eclampsia/treatment and interventions/1.e,False,14.8333,T2_id_text_changed,pre-eclampsia and eclampsia/treatment and interventions/1.e,T2_id_text_changed,pre-eclampsia and eclampsia/treatment and interventions/1.e,False,NONE
S069,delirium with hyperagitation/paramedic/2#3,False,14.8333,T2_id_text_changed,delirium with hyperagitation/paramedic/2#3,T2_id_text_changed,delirium with hyperagitation/paramedic/2#3,False,delirium with hyperagitation/paramedic/2#5
S070,drug ingestion/paramedic stop/d,False,14.8333,T2_id_text_changed,drug ingestion/paramedic stop/d,T2_id_text_changed,drug ingestion/paramedic stop/d,False,drug ingestion/paramedic stop/d
S071,delirium with hyperagitation/procedure/19,False,14.8333,T2_id_text_changed,delirium with hyperagitation/procedure/19,T2_id_text_changed,delirium with hyperagitation/procedure/19,False,delirium with hyperagitation/procedure/19
S072,trauma - penetrating/notes/5,False,14.8333,T2_id_text_changed,trauma - penetrating/notes/5,T2_id_text_changed,trauma - penetrating/notes/5,False,NONE
S073,pre-eclampsia and eclampsia/treatment and interventions/4,False,14.8333,T2_id_text_changed,pre-eclampsia and eclampsia/treatment and interventions/4,T2_id_text_changed,pre-eclampsia and eclampsia/treatment and interventions/4,False,pre-eclampsia and eclampsia/treatment and interventions/4
S074,delirium with hyperagitation/procedure/1.e,False,14.8333,T2_id_text_changed,delirium with hyperagitation/procedure/1.e,T2_id_text_changed,delirium with hyperagitation/procedure/1.e,False,NONE
S075,sop 108 torsades de pointes/treatment pathway/8.a,False,2.8,T3_renumbered,sop 108 torsades de pointes/treatment pathway/7.a,T3_renumbered,sop 108 torsades de pointes/treatment pathway/7.a,False,sop 108 torsades de pointes/treatment pathway/7.a
S076,post resuscitation/notes/9.a,False,2.8,T3_renumbered,post resuscitation/notes/10.a,T3_renumbered,post resuscitation/notes/10.a,False,post resuscitation/notes/10.a
S077,anaphylactic shock/treatment pathway/11,False,2.8,T3_renumbered,anaphylactic shock/treatment pathway/12,T3_renumbered,anaphylactic shock/treatment pathway/12,False,anaphylactic shock/treatment pathway/12
S078,ventricular tachycardia with a pulse/treatment pathway/10.b,False,2.8,T3_renumbered,ventricular tachycardia with a pulse/treatment pathway/11.b,T3_renumbered,ventricular tachycardia with a pulse/treatment pathway/11.b,False,ventricular tachycardia with a pulse/treatment pathway/11.b
S079,tension pneumothorax/hypotension/9,False,2.8,T3_renumbered,tension pneumothorax/hypotension/8,T3_renumbered,tension pneumothorax/hypotension/8,False,tension pneumothorax/hypotension/8
S080,tension pneumothorax/hypotension/10,False,2.8,T3_renumbered,tension pneumothorax/hypotension/9,T3_renumbered,tension pneumothorax/hypotension/9,False,tension pneumothorax/hypotension/9
S081,ventricular tachycardia with a pulse/treatment pathway/10.a,False,2.8,T3_renumbered,ventricular tachycardia with a pulse/treatment pathway/11.a,T3_renumbered,ventricular tachycardia with a pulse/treatment pathway/11.a,False,ventricular tachycardia with a pulse/treatment pathway/11.a
S082,medical complaint not specified under other protocols/treatment pathway/6#2,False,2.8,T3_renumbered,medical complaint not specified under other protocols/treatment pathway/7,T3_renumbered,medical complaint not specified under other protocols/treatment pathway/7,False,hypothermia/notes/o.11
S083,unconscious / unresponsive / altered mental status/treatment pathway/10.a,False,2.8,T3_renumbered,unconscious / unresponsive / altered mental status/treatment pathway/11.a,T3_renumbered,unconscious / unresponsive / altered mental status/treatment pathway/11.a,False,unconscious / unresponsive / altered mental status/treatment pathway/11.a
S084,drowning/ near drowning/treatment pathway/7,False,2.8,T3_renumbered,drowning/ near drowning/treatment pathway/8,T3_renumbered,drowning/ near drowning/treatment pathway/8,False,drowning/ near drowning/treatment pathway/8
S085,musculoskeletal trauma/treatment pathway/7#2,False,1.0,T5_moved,abdominal/gu pain non-traumatic / nausea and vomiting/treatment pathway/6,T5_moved,abdominal/gu pain non-traumatic / nausea and vomiting/treatment pathway/6,False,sop 304 cerebrovascular accident cva / stroke/treatment pathway/8
S086,agitated or combative patient/notes/6#2,False,1.0,T6_unmatched_old,NONE,T6_unmatched_old,NONE,False,NONE
S087,unconscious / unresponsive / altered mental status/treatment pathway/9#2,False,1.0,T6_unmatched_old,NONE,T6_unmatched_old,NONE,False,unconscious / unresponsive / altered mental status/treatment pathway/9
S088,agitated or combative patient/notes/6.a,False,1.0,T6_unmatched_old,NONE,T6_unmatched_old,NONE,False,NONE
S089,sop 108 torsades de pointes/treatment pathway/9,False,1.0,T6_unmatched_old,NONE,T6_unmatched_old,NONE,False,eye trauma/treatment – standing order/3.c
S090,agitated or combative patient/notes/6.b,False,1.0,T6_unmatched_old,NONE,T6_unmatched_old,NONE,False,NONE
S091,behavioral health emergency/notes/9,False,1.0,T6_unmatched_old,NONE,T6_unmatched_old,NONE,False,NONE
S092,hyperglycemia associated with diabetes/hypotension/6#2,False,1.0,T6_unmatched_old,NONE,T6_unmatched_old,NONE,False,hyperglycemia associated with diabetes/hypotension/6
